current_mrr,active_users,churn_rate,cac,estimated_ltv
23128,375,0.16666666666666666,102.62222222222222,1273.3754940711462456
